{"cameraMode":{"drawMode":0,"name":"Shaded","section":"Shading Mode"},"sceneLighting":true,"audioPlay":false,"sceneViewState":{"showFog":false,"showMaterialUpdate":false,"showSkybox":false,"showFlares":false,"showImageEffects":false,"showParticleSystems":false},"in2DMode":false,"pivot":{"x":24.500030517578126,"y":6.247688293457031,"z":21.3196964263916},"rotation":{"x":-0.3626173734664917,"y":0.2700328528881073,"z":-0.11059911549091339,"w":-0.8851315379142761},"size":39.55290222167969,"orthographic":false}